<?xml version="1.0" encoding="UTF-8"?>
<project-private xmlns="http://www.netbeans.org/ns/project-private/1">
    <editor-bookmarks xmlns="http://www.netbeans.org/ns/editor-bookmarks/2" lastBookmarkId="0"/>
    <open-files xmlns="http://www.netbeans.org/ns/projectui-open-files/2">
        <group>
            <file>file:/C:/Users/daksh/OneDrive/Desktop/SYST17796_ProjectStarterCode/src/ca/sheridancollege/project/Player.java</file>
            <file>file:/C:/Users/daksh/OneDrive/Desktop/SYST17796_ProjectStarterCode/src/ca/sheridancollege/project/Card.java</file>
            <file>file:/C:/Users/daksh/OneDrive/Desktop/SYST17796_ProjectStarterCode/src/ca/sheridancollege/project/Game.java</file>
            <file>file:/C:/Users/daksh/OneDrive/Desktop/SYST17796_ProjectStarterCode/src/ca/sheridancollege/project/GroupOfCards.java</file>
            <file>file:/C:/Users/daksh/OneDrive/Desktop/SYST17796_ProjectStarterCode/src/ca/sheridancollege/project/UnoGame.java</file>
            <file>file:/C:/Users/daksh/OneDrive/Desktop/SYST17796_ProjectStarterCode/src/ca/sheridancollege/project/UnoDeck.java</file>
            <file>file:/C:/Users/daksh/OneDrive/Desktop/SYST17796_ProjectStarterCode/src/ca/sheridancollege/project/UnoGameMain.java</file>
            <file>file:/C:/Users/daksh/OneDrive/Desktop/SYST17796_ProjectStarterCode/src/ca/sheridancollege/project/UnoPlayer.java</file>
            <file>file:/C:/Users/daksh/OneDrive/Desktop/SYST17796_ProjectStarterCode/src/ca/sheridancollege/project/UnoCard.java</file>
        </group>
    </open-files>
</project-private>
